,Key,Business function,Copilot,Industry,Month,Publication date,Customer,Vendor,Business need,Solution,AI technologies,Results,Other details,Source,Financial effect,Scenario,Scenario Impact level,Scenario Implementation Effort level
0,1,Customer Service,Client Service Copilot,Insurance,11.0,2024.0,Manulife,,AHT improvement,AI powered call summarization and contract lookup,,12% reduction in AHT,,https://www.cbinsights.com/reports/CB-Insights_Generative-AI-Financial-Services-Applications-2025.pdf?ip_et_ctx=23875269_31_9,,Call summarization,High,Low
1,2,Customer Service,Client Service Copilot,Financial Services,2.0,2025.0,TD Bank Group,,,GenAI virtual assistant in our contact centers,,"reductions in called hold times, escalations to second level support, driving efficiency, while enhancing the customer experience.",,https://www.cbinsights.com/reports/CB-Insights_Generative-AI-Financial-Services-Applications-2025.pdf?ip_et_ctx=23875269_31_9,,,,
2,3,Customer Service,Client Service Copilot,Financial Services,7.0,2024.0,DBS,,,"A generative AI-powered virtual assistant that transcribes customer queries live, providing answers to customer support staff based on the bank’s sets of data and information.",,"reduced call handling time by up to 20%, transcription and solutioning accuracy of “nearly 100%”",,https://www.computerweekly.com/news/366596235/DBS-rolls-out-GenAI-assistant-for-customer-service-teams,,Answer suggestion,High,Medium
3,4,Customer Service,Client Service Copilot,Financial Services,9.0,2023.0,ING,McKinsey,,Generative AI chatbot for customer support,,20% more customers assisted in first seven weeks of use,,https://www.mckinsey.com/industries/financial-services/how-we-help-clients/banking-on-innovation-how-ing-uses-generative-ai-to-put-people-first,,Chatbot,High,High
4,5,Customer Service,Client Service Copilot,Transportation,,,Leading US airline,Kore.ai,"The airline’s legacy IVR system needed a complete rethink for complex customer service demands:

Average agent handling time (AHT) was 9 minutes per call, with every second costing $100K annually.
Targeted reduction of AHT by 15 seconds to achieve meaningful cost savings.
Rapidly evolving documentation stored in SharePoint required dynamic, accurate retrieval.
Regulatory requirements mandated consistent, precise language in customer communications.
The airline needed a solution that went beyond basic automation to empower agents with real-time, accurate insights—driving both efficiency and service excellence.","Kore.ai partnered with the airline to deploy Search AI in a 51-day pilot across 48 live agents, demonstrating a hybrid approach that blends generative AI-powered search with live agent support. Key benefits included:

Custom extraction logic tailored to complex document formats and frequent updates.
Integration of generative AI models for accurate, context-aware answers.
Caching mechanisms to ensure consistent responses and reduce operational AI costs.
Fine-tuned LLM and RAG parameters for optimal search relevance and speed.",Fine-tuned LLM and RAG,"20% Cut customer wait time
10% reduced average handle time and speed up resolutions
30% Slashed agent research time and improving info accuracy and speed.
20% Boosted first call resolution and reducing repeat contacts.
25% Estimated higher quality of customer engagement.
5% Increase in customer satisfaction through faster, precise answers.",,https://www.kore.ai/customer-stories/alaska-airlaines-reinvents-contact-center-with-ai,,Knowledge base search,Medium,Medium
5,6,Customer Service,Client Service Copilot,Food Delivery/Logistics,,2024.0,DoorDash,AWS and Anthropic,Streamline support for hundreds of thousands of daily requests; reduce latency and escalations.,"Voice-operated, self-service generative AI contact center using a RAG architecture.","Generative AI, Amazon Bedrock, Amazon Connect, Anthropic's Claude 3 Haiku, RAG",Response latency <2.5s; 'large and material reductions' in call volumes; thousands fewer escalations/day; earlier IVR project saved $3M/year.,,https://aws.amazon.com/solutions/case-studies/doordash-bedrock-case-study/,,"Knowledge base search,Answer suggestion",,
6,7,Customer Service,Client Service Copilot,Telecommunications,5.0,2024.0,Verizon,Google,"Improve efficiency, achieve hyper-personalization, and free agents for sales.",Suite of GenAI apps including 'Personal Research Assistant' and 'Personal Shopper/Problem Solver'.,"Generative AI, Google Gemini LLM, Conversational AI",40% increase in sales from reskilled agents; 95% of queries answered comprehensively.,,https://www.reuters.com/technology/verizon-says-google-ai-customer-service-agents-has-led-sales-jump-2025-04-09/,,Agent copilot,,
7,8,Customer Service,Client Service Copilot,Airline,2.0,2024.0,United Airlines,Internal development,Enhance customer experience during flight delays with empathetic explanations.,GenAI system to synthesize operational data into transparent SMS/app notifications.,"Generative AI, LLMs, fine-tuned Google Gemini",Customer satisfaction rose by 6%; scaled initiative from 15% to 50% of delayed flights.,,https://www.cio.com/article/3624045/united-airlines-sets-its-flight-plan-for-gen-ai-success.html,,Notifications,Low,Low
8,9,Customer Service,Client Service Copilot,Fashion Retail,7.0,2024.0,Motel Rocks,Zendesk,"Manage high inquiry volume, maintain brand voice, and sense customer mood.",Hybrid model with AI chatbots for self-service and intelligent triage for agents.,"Zendesk Advanced AI, Chatbots, Sentiment Analysis",43% of tickets deflected by AI; 50% reduction in ticket volume; CSAT increased by 9.44%.,,https://www.vktr.com/ai-disruption/5-ai-case-studies-in-customer-service-and-support/,,Chatbot,High,High
9,10,Customer Service,Client Service Copilot,Retail,7.0,2024.0,Camping World,IBM,"Handle call surges, missed after-hours calls, and lost sales leads.","AI assistant 'Arvee' to take calls 24/7, answer questions, and capture data.","Cognitive AI, AI assistant (voicebot)",40% increase in customer engagement; 33-second drop in wait times; 33% increase in agent efficiency.,,https://www.vktr.com/ai-disruption/5-ai-case-studies-in-customer-service-and-support/,,Chatbot,High,High
10,11,Customer Service,Client Service Copilot,Telecommunications,2.0,2024.0,Telstra,"Microsoft,Accenture",Enable agents to quickly access massive data stores to improve speed and efficiency.,In-house GenAI tools: 'One Sentence Summary' and 'Ask Telstra' internal search.,"Microsoft Azure OpenAI service, Generative AI, LLMs",20% less follow-up on calls; 90% of agents reported being more effective and saving time.,,https://www.vktr.com/ai-disruption/5-ai-case-studies-in-customer-service-and-support/,,"Knowledge base search,Customer history context",High,Medium
11,12,Customer Service,Client Service Copilot,Project Management Software,7.0,2024.0,ClickUp,Maven AGI,Handle complex inquiries that were stretching the human support team.,Integrated Maven AGI’s Co-Pilot (built on ChatGPT) for ticket summaries and suggested responses.,"Maven AGI’s Co-Pilot, ChatGPT, Agent Assist",Representative solves per hour increased by 25% within one week.,,https://www.vktr.com/ai-disruption/5-ai-case-studies-in-customer-service-and-support/,,"Customer history context,Answer suggestion",,
12,13,Customer Service,Client Service Copilot,Smart Devices/Electronics,8.0,2025.0,OPPO,Sobot,"Manage high inquiry volumes, reduce agent workload, and improve satisfaction.","Advanced AI-powered chatbot and ticketing system for automated, multilingual responses.","AI-powered chatbot, Ticketing system",83% chatbot resolution rate; 57% boost in repurchase rates; NPS increased by over 35%.,,https://www.sobot.io/article/ai-customer-service-case-studies-2025-support-satisfaction-cost/,,Chatbot,High,High
13,14,Field Service,Client Service Copilot,Manufacturing,,2025.0,Haceb,Microsoft,Enable technicians to troubleshoot and diagnose issues more efficiently in the field.,Virtual technical support assistant 'Wilson' in Microsoft Teams for instant access to manuals.,"Generative AI, Microsoft Azure OpenAI Service, Microsoft Copilot Studio","Freed almost 5,000 hours for the service team; achieved 90% confidence in first-visit diagnoses.",,https://news.microsoft.com/es-xl/wilson-hacebs-technical-assistant-that-uses-artificial-intelligence-to-revolutionize-customer-service/,,Chatbot,High,High
14,15,Customer Service,Client Service Copilot,Financial Services,,2025.0,Hero FinCorp,Microsoft,"Handle high-volume, multilingual queries and reduce costs.","H.Ai' bot, created with Azure OpenAI, to manage customer queries.",Microsoft Azure OpenAI,"Handled >50,000 multilingual queries, boosting productivity and reducing operational costs.",,https://www.microsoft.com/en-in/aifirstmovers/hero-fincorp,,Multilingual support,,
15,16,Customer Service,Client Service Copilot,Automotive,,2025.0,Hero MotoCorp,Microsoft,Improve post-purchase experience with easy access to service and parts info.,Customer support solution for post-purchase engagement using Azure OpenAI.,Microsoft Azure OpenAI Service,"Improved post-purchase experience, likely increasing satisfaction and loyalty.",,https://www.microsoft.com/en-in/aifirstmovers/heromotocorp,,Chatbot,High,High
16,17,Customer Service,Client Service Copilot,Airline,,2025.0,IndiGo,Microsoft,"Offer a seamless, modern conversational service experience.",6Eskai' chatbot platform using GPT-4 and GPT-4 Turbo.,"Microsoft Azure OpenAI Service, GPT-4, GPT-4 Turbo",Reportedly reduced the workload of customer service agents by 75%.,,https://www.microsoft.com/en-in/aifirstmovers/indigo,,"Chatbot,Answer suggestion",,
17,18,Customer Service,Client Service Copilot,BPO/Call Center,,2025.0,Insight,Microsoft,Improve call routing efficiency and reduce human agent involvement.,Interactive voice assistant (IVA) for call centers developed with Azure OpenAI.,"Microsoft Azure OpenAI, Interactive Voice Assistant (IVA)",Anticipating a drop in human-routed calls from 90% down to 40%.,,https://partner.microsoft.com/en-us/case-studies/insight-us-azure-openai,,Voice bot,High,High
18,19,Customer Service,Client Service Copilot,Public Sector/Legal Services,,2025.0,New Zealand Public Trust,Microsoft,"Enhance engagement, speed up resolution, and increase efficiency for legal services.",Integrated solution using Dynamics 365 Contact Center and Copilot to unify channels.,"Microsoft Dynamics 365 Contact Center, Microsoft Copilot","Enhanced customer engagement, faster issue resolution, and increased overall efficiency.",,https://www.microsoft.com/en/customers/story/23374-public-trust-dynamics-365-contact-center,,"Call summarization,Analytics,Customer history context",,
19,20,Customer Service,Client Service Copilot,Non-profit/Education,,2025.0,Toastmasters International,Microsoft,Enable member self-service and automate manual processes.,Suite of Microsoft products including Dynamics 365 and an AI-powered Contact Center.,"Microsoft Dynamics 365, AI-powered Contact Center","Enabled member self-service, automated manual processes, and helped staff address concerns faster.",,https://www.microsoft.com/en/customers/story/23396-toastmasters-international-dynamics-365-customer-service,,Chatbot,High,High
20,21,Customer Service,Client Service Copilot,Telecommunications,,2025.0,AT&T,Internal development,Reduce spam/fraud calls and handle routine phone tasks without an app.,Testing a network-based 'AI Digital Receptionist' to screen calls.,"Agentic AI, Voice-to-Voice AI, LLMs",Underlying system blocks/labels over 2 billion robocalls per month.,,https://about.att.com/blogs/2025/ai-digital-receptionist.html,,Voice bot,High,High
21,22,Customer Service,Client Service Copilot,Telecommunications,11.0,2024.0,Telenor,boost.ai,Digitize customer service and address low industry-wide satisfaction.,"Telmi', a conversational AI virtual agent with 20+ integrations for self-service.","Conversational AI, Virtual Agent, Natural Language Tech",Exceeded business and ROI goals within the first year; functions as an additional sales channel.,,https://boost.ai/case-studies/enhancing-telecom-customer-experience-with-conversational-ai/,,Chatbot,High,High
22,23,Customer Service,Client Service Copilot,Financial Services,2.0,2025.0,Bank of America,Internal Development,Enhance digital interactions and provide robust self-service at massive scale.,AI virtual assistant 'Erica' for a wide range of self-service requests.,"AI virtual assistant, Conversational AI",676 million client engagements in 2024; used by 20 million clients.,,https://fintechfrontiers.live/digital-banking-dominance-bank-of-americas-ai-strategy-powers-record-growth-of-26-billion-engagements/,,"Virtual assistant,Chatbot,Notifications",,
23,24,Customer Service,Client Service Copilot,Financial Services,,2024.0,NatWest,IBM (with OpenAI),Improve customer satisfaction and reduce reliance on human agents.,"Enhanced existing AI assistant 'Cora' with OpenAI tech, creating 'Cora+'.","Generative AI, Conversational AI (OpenAI)",Handled 11.2M conversations in 2024; boosted CSAT scores by 150%.,,https://www.natwestgroup.com/news-and-insights/news-room/press-releases/data-and-technology/2024/jun/natwest-launches-cora-plus-the-latest-generative-ai-upgrade-to-t.html,,"Chatbot,Virtual assistant",,
24,25,Customer Service,Client Service Copilot,Financial Services,,2024.0,Commonwealth Bank of Australia (CBA),Internal Development,Combat financial scams and improve customer service efficiency.,"AI-powered safety tools (NameCheck, CallerCheck) and a GenAI virtual assistant.","Generative AI, Predictive Analytics",Reduced customer scam losses by 50%; decreased call center wait times by 40%.,,https://au.finance.yahoo.com/news/commonwealth-bank-launches-new-ai-tool-to-reimagine-banking-faster-and-safer-005744886.html,,"Chatbot,Knowledge base search",,
25,26,Customer Service,Client Service Copilot,Financial Services,,2024.0,bunq,Internal Development,"Provide instant, automated support for neobank users.","Finn,' an AI assistant powered by LLMs to answer user questions.","Generative AI, LLMs","Fully resolves 40% of queries and assists in another 35%; answered >100,000 questions in first few months.",,https://www.retailbankerinternational.com/news/bunq-makes-its-ai-assistant-finn-fully-conversational/,,"Virtual assistant,Chatbot",,
26,27,Customer Service,Client Service Copilot,Financial Services,2.0,2024.0,Klarna,OpenAI,Handle high-volume customer service chats for 150 million users.,Deployed a generative AI assistant for customer service interactions.,Generative AI Assistant,"Handled two-thirds of all customer service chats, equivalent to 700 full-time agents.",,https://www.klarna.com/international/press/klarnas-ai-assistant-handles-two-thirds-of-customer-service-chats-in-its-first-month/,,"Chatbot,Multilingual support,Financial advices",,
27,28,Customer Service,Client Service Copilot,Insurance,,2024.0,Allianz,Landbot,Provide instant query resolution and reduce call center costs.,AI-powered claims processing and 24/7 AI chatbots/virtual assistants.,"AI Chatbots, Virtual Assistants","AI chatbots handle 80% of queries instantly, reducing call center costs by 50%; Benelux chatbot achieved 90% positive rating.",,https://landbot.io/case-studies/allianz,,Chatbot,High,High
28,29,Customer Service,Client Service Copilot,Hospitality (Cruise Line),,2025.0,Holland America Line,Microsoft,Provide a digital concierge for complex queries and booking support.,"Virtual agent 'Anna' on website, built with Copilot Studio and GPT-4o.","Microsoft Copilot Studio, GPT-4o, RAG","Handles thousands of conversations weekly with high resolution, reducing basic queries to human agents.",,https://learn.microsoft.com/en-us/power-platform/guidance/case-studies/holland-america-customer-experience,,Chatbot,High,High
29,30,Agent Assist,Client Service Copilot,Travel Agency,,2025.0,Global Travel Collection,Microsoft,Provide travel advisors with instant access to internal knowledge.,AI-powered agent-assist tool 'Atlas' for natural language queries of knowledge bases.,"Microsoft Azure AI Foundry, Copilot Studio, RAG",Projected to reclaim over 1.5 million advisor hours annually; reduces trip planning time by 3 hours.,,https://www.microsoft.com/en/customers/story/23943-global-travel-collection-azure-ai-foundry,,Agent copilot,,
30,31,Customer Service,Client Service Copilot,Software/SaaS,,2025.0,AssemblyAI,Pylon,Provide 24/7 support and dramatically reduce first response time.,Implemented Pylon's AI automation platform to handle inquiries.,"AI-first support platform, AI automation",97% reduction in first response time (15 min to 23 sec); increased AI resolution rate to 50%.,,https://usepylon.com/case-study/assembly-ai,,Chatbot,High,High
31,32,Customer Service,Client Service Copilot,Utilities,7.0,2023.0,Octopus Energy,Kraken (in-house),Automate customer email responses to improve efficiency and satisfaction.,Implemented Kraken's generative AI tool to automate email responses.,Generative AI,"AI achieved 80% CSAT rate, outperforming human agents' score of 65% by 15 percentage points.",,https://aiexpert.network/case-study-enhanced-customer-service-through-ai-at-octopus-energy/,,Automatic email response,Low,Low
32,33,HR/Recruiting,Client Service Copilot,BPO,1.0,2024.0,Teleperformance Nordic,Hubert.ai,Reduce time and cost of screening and hiring Customer Support Agents.,Chat-based AI interview platform to automate initial applicant screening.,AI Chat-based Interview Platform,Reduced screening process from 4 days to 45 minutes; 80% decrease in time spent on screening.,,https://www.hubert.ai/case-studies/innovative-hiring-teleperformance-nordics-leap-into-ai-driven-recruitment,,Chat-based interview system,,
33,34,Quality Assurance,Client Service Copilot,Financial Services,8.0,2025.0,Empower,"AWS,Accenture,Anthropic",Scale the contact center QA process to cover a larger percentage of calls.,Custom QA automation solution using Amazon Connect and Bedrock with Claude 3.5 Sonnet.,"Amazon Connect, Amazon Bedrock, Anthropic Claude 3.5 Sonnet, GenAI",20x increase in QA call coverage; reduced review time from days to minutes.,,https://aws.amazon.com/ru/blogs/contact-center/how-empower-scaled-contact-center-quality-assurance-with-amazon-connect-and-amazon-bedrock/,,"Speech analytics,automated QA",,
34,35,Internal Support,Client Service Copilot,Technology,,2025.0,Genesys (Internal Use),Genesys,Improve efficiency and effectiveness of its own global product support team.,Transitioned its support team to the Genesys Cloud CX platform with its full AI suite.,"Virtual Agents, Agent Copilot, Predictive Routing, GenAI","9.8X cumulative ROI over three years; saved 157,000 working hours; 20-point increase in CX score.",,https://www.genesys.com/customer-stories/genesys,,,,
35,36,Customer Service,Client Service Copilot,Financial Services,,2025.0,HSBC,Genesys,Improve customer experience and operational efficiency in contact centers.,Deployed Genesys Cloud AI orchestration to manage customer interactions.,Genesys Cloud AI orchestration,Predicted $60 million in three-year value; 48% reduction in abandonment rates; 5-minute reduction in handle time.,,https://www.genesys.com/customer-stories/hsbc,,"Interaction summary,Multilingual support",,
36,37,Customer Service,Client Service Copilot,Airline,5.0,2024.0,Virgin Atlantic,Genesys,Improve customer and employee satisfaction and increase self-service rates.,AI-powered routing and conversational AI voicebots/chatbots on Genesys Cloud.,"AI-powered routing, Conversational AI",25-point improvement in CSAT and 12-point improvement in employee happiness in 12 months.,,https://www.genesys.com/customer-stories/virgin-atlantic,,,,
37,38,Customer Service,Client Service Copilot,Financial Services,,2025.0,Newday,Internal build using AWS and Anthropic,Agents struggled with long answer retrieval times (90s avg) from ~200 knowledge articles.,"NewAssist', a RAG-based agent chatbot using AWS Bedrock and Anthropic's Claude 3 Haiku.","Generative AI, RAG, LLM (Claude 3 Haiku), Amazon Bedrock, OpenSearch Serverless",>90% accuracy; answer retrieval time cut to 4s; op-ex <$400/month.,,https://www.zenml.io/llmops-database/generative-ai-customer-service-agent-assist-with-rag-implementation,,Chatbot,High,High
38,39,Customer Service,Client Service Copilot,Insurance,,2024.0,Allianz Direct,Databricks (Mosaic AI),Empower agents to quickly answer complex policy questions and automate mundane info retrieval.,GenAI-powered agent assist tool using a RAG architecture on the Databricks platform.,"Generative AI, RAG, Databricks Data Intelligence Platform, Mosaic AI, Unity Catalog",Improved answer accuracy by 10-15%; increased agent satisfaction.,,https://www.zenml.io/llmops-database/rag-powered-agent-assist-tool-for-insurance-contact-centers,,"Agent assist,Knowledge base search,Answer suggestion",,
39,40,Customer Service,Client Service Copilot,Tech / Hospitality,5.0,2025.0,Airbnb,Internal build,"Transform a rigid, button-based IVR into an intelligent, conversational AI to reduce agent dependency.","Conversational AI-powered IVR with ASR, intent detection, and LLM-based semantic search.","ML, LLMs, ASR, Intent Detection, Semantic Search, Vector DB, Paraphrasing Models",ASR word error rate cut from 33% to 10%; <50ms intent detection; higher NPS.,,https://www.zenml.io/llmops-database/ml-powered-interactive-voice-response-system-for-customer-support,?,,,
40,41,Customer Service,Client Service Copilot,Financial Services,,2023.0,Discover Financial Services,Google Cloud,Reduce agent time spent searching extensive procedure documentation.,Generative AI solution using RAG and summarization on internal docs via Vertex AI and Gemini.,"Generative AI, RAG, Summarization, Google Cloud Vertex AI, Gemini Models",Achieved a 70% reduction in agent search time.,,https://www.zenml.io/llmops-database/generative-ai-implementation-in-banking-customer-service-and-knowledge-management,,"Agent assist,Document summarization and retrieval",,
41,42,Developer Support,Client Service Copilot,Tech,,2025.0,Adobe,Internal build using AWS,Help internal developers find information scattered across wikis and guides to reduce lost productivity.,"Unified Support,' a centralized RAG system using Amazon Bedrock Knowledge Bases.","AI, RAG, Amazon Bedrock, Vector Search, Embeddings, Metadata Filtering",20% increase in retrieval accuracy; improved developer productivity and reduced internal support costs.,,https://www.zenml.io/llmops-database/building-a-centralized-ai-powered-developer-support-system-using-rag,,Knowledge base search,Medium,Medium
42,43,Customer Service,Client Service Copilot,Financial Services,,2024.0,Stripe,Internal build,Help support agents answer questions more efficiently and reduce response times.,"A sequential, multi-stage LLM system with fine-tuned models for filtering, classification, and generation.","LLM, Fine-tuning, Sequential Framework",Improved customer support response times.,,https://www.zenml.io/llmops-database/production-llm-implementation-for-customer-support-response-generation,,Answer suggestion,,
43,44,Customer Service,Client Service Copilot,Healthcare / E-commerce,,2024.0,Airtrain,Internal build,Reduce high operational costs and address data privacy concerns of using large proprietary LLMs.,"Fine-tuned a smaller, open-source Mistral-7B model for on-premise deployment.","Fine-tuning, LLMs (Mistral-7B, GPT-3.5, GPT-4), Chatbot",94% cost reduction vs. GPT-4; achieved performance parity with GPT-3.5 for healthcare chatbot.,,https://www.zenml.io/llmops-database/cost-reduction-through-fine-tuning-healthcare-chatbot-and-e-commerce-product-classification,,Chatbot,High,High
44,45,Customer Service,Client Service Copilot,E-commerce,1.0,2025.0,Minimal,"LangChain (LangGraph,LangSmith)",Automate complex T2/T3 customer service workflows for e-commerce and integrate with helpdesks.,"Multi-agent system built with LangGraph for orchestration, operating as a copilot or fully automated.","LangGraph, LangSmith, LLMs",80%+ efficiency gains; expects 90% of tickets to be handled autonomously.,,https://blog.langchain.com/how-minimal-built-a-multi-agent-customer-support-system-with-langgraph-langsmith/,,"Multi-agent architecture for answer generation,Chatbot",,
45,46,Customer Service,Client Service Copilot,Software / User Experience,2.0,2024.0,CommandBar,LangChain (LangSmith),Help software companies make products easier to use by answering questions and reducing support tickets.,"An embedded 'Copilot' widget that answers questions, triggers tours, and executes actions.","LLMs, LangSmith (for observability)",A customer case study showed a 44% decrease in support tickets.,,https://blog.langchain.com/langchain-partners-with-commandbar-on-their-copilot-user-assistant/,,,,
46,47,Customer Service,Client Service Copilot,Social platforms,,2024.0,LinkedIn,Internal build,Improve accuracy and efficiency of its customer service question-answering system.,A novel method combining RAG with a knowledge graph constructed from historical issue tickets.,"LLM, RAG, Knowledge Graph",Reduced median per-issue resolution time by 28.6%.,,https://github.com/themanojdesai/genai-llm-ml-case-studies/blob/main/case-studies/by-company/linkedin/paper-retrieval-augmented-generation-with-knowledge-graphs-for-customer-service-question-answering.md,,Answer suggestion,High,Medium
47,48,Customer Service,Client Service Copilot,Tech,,2024.0,Elastic,Internal build (using Elasticsearch),Build a production-grade support chatbot with accurate and trustworthy responses.,"RAG chatbot built on its own tech, using hybrid search (semantic + keyword) over 300k+ documents.","RAG, LLM, Embeddings (ELSER), Hybrid Search, OpenAI GPT-3.5 Turbo","Results not reported, but architecture designed for high accuracy.",,https://www.zenml.io/llmops-database/tuning-rag-search-for-production-customer-support-chatbot,,"Agent assist,Knowledge base search",,
48,49,Customer Service,Client Service Copilot,Software Development/Tech,,2024.0,GitHub,Internal build (GitHub/Microsoft),Improve support experience and free up human team by streamlining resolution of level 1 queries.,"Copilot in GitHub Support', an AI assistant grounded in product documentation.","AI, Conversational Assistant, RAG (implied), Copilot","60% of cases resolved without human intervention, most in <7 minutes.",,https://www.zenml.io/blog/llmops-in-production-457-case-studies-of-what-actually-works,,,,
49,50,Internal Analyst Support,Client Service Copilot,Financial Services,,2024.0,Amazon Finance,"AWS (Bedrock,OpenSearch,Titan)","Analysts spent excessive time searching policy docs, leading to response times of hours or days.",RAG-based Q&A chat assistant using Amazon Bedrock with semantic chunking and prompt engineering.,"RAG, LLM, Embeddings, Vector Store, Semantic Chunking, Prompt Engineering",Accuracy increased from 49% to 86%; response times cut from hours/days to minutes.,,https://www.zenml.io/llmops-database/scaling-rag-accuracy-from-49-to-86-in-finance-q-a-assistant,,Chatbot,High,High
50,51,Customer Service,Client Service Copilot,Insurance,,2024.0,InsuranceDekho,Not reported,Provide faster support for insurance agents.,Implemented a RAG-based chat assistant for insurance agent support.,"RAG, Chat Assistant",Achieved an 80% reduction in query response times.,,https://www.zenml.io/llmops-database/transforming-insurance-agent-support-with-rag-powered-chat-assistant,,Chatbot,High,High
51,52,Customer Service,Client Service Copilot,Global Transportation,,2025.0,Lime,Forethought,Automate customer support to handle a large volume of cases efficiently.,Deployed Forethought's AI platform for customer support automation.,AI Platform (Forethought),Achieved a 27% case automation rate and a 77% reduction in first response times.,,https://www.zenml.io/llmops-database/ai-powered-customer-support-automation-for-global-transportation-service,,"Routing,Multilingual support",,
52,53,Customer Service,Client Service Copilot,Financial Services,,2024.0,Principal Financial Group,Amazon (Amazon Q Business),Implement an enterprise-wide solution for customer service knowledge retrieval.,Implemented an enterprise-wide RAG solution (Amazon Q Business) for customer service.,"RAG, Amazon Q Business",Achieved 84% accuracy and a 50% reduction in some workloads.,,https://www.zenml.io/blog/llmops-in-production-457-case-studies-of-what-actually-works,,,,
56,57,Data Analytics,Analytics Copilot,Automotive,9.0,2024.0,Uber,,"At Uber, our data platform handles approximately 1.2 million interactive queries each month. The Operations organization, one of the largest user cohorts, contributes to about 36% of these queries. Authoring these queries generally requires a fair amount of time between searching for relevant datasets in our data dictionary and then authoring the query inside our editor.",QueryGPT,"LLM, vector databases, and similarity search","QueryGPT reduces the query generation time from 10 minutes to 3 minutes.
we are averaging about 300 daily active users, with about 78% saying that the generated queries have reduced the amount of time they would’ve spent writing it from scratch.",,https://www.uber.com/en-AT/blog/query-gpt/,,Generating SQL queries,Medium,
58,59,Sales,Analytics Copilot,Insurance,,,M3 Insurance,Tableau/Salesforce,"M3 Insurance helps clients manage risk, purchase insurance, and provide employee benefits programs. A client’s risk profile changes all the time. The Challenge: Drive efficiency through AI-powered insights, enabling sales and service teams to query data, and throughout the company’s sales and financial reporting processes",Tableau Pulse,"NLP-модели, LLM","Win rates increased by 48% 
Win values have increased by 63%","Tableau provides clients’ finance directors and CFOs with the data and proof that they have the right programs for their business. Using dynamic charts in meetings means both M3 and clients get live feedback and metrics on plans so they can make immediate adjustments to meet client objectives. For instance, M3 can consult clients on staff turnover, showing how a switch in employee benefits strategies makes the company more competitive and can improve staff turnover rates.",https://www.tableau.com/solutions/customer/m3-insurance-sees-upsurge-win-rates-and-efficiency-ai-powered-insights,,Risk analysis,,
59,60,Finance,Analytics Copilot,Insurance,,,M3 Insurance,Tableau/Salesforce,Enhancing the efficiency of its finance teams by automating insights of monthly and quarterly reviews.,Tableau Pulse,"NLP-модели, LLM","Faster and better decisions based on data, responding to market dynamics.
Rapid identification and response to anomalies and trends","Tableau Pulse provides quick, actionable insights and executive summaries, streamlining quarterly reviews, and enabling executives to ask critical questions in natural language and on-demand, proactively detects trends and anomalies with notifications and in the insights summary.",https://www.tableau.com/solutions/customer/m3-insurance-sees-upsurge-win-rates-and-efficiency-ai-powered-insights,,"Report generation,Financial Statement",High,
60,61,HR,Analytics Copilot / HR Copilot,Insurance,,,M3 Insurance,Tableau/Salesforce,"Forecasting the personnel needs of business units. Insights related to metrics across the team such as account size, tenure, and workload",Tableau Pulse,"NLP-модели, LLM","Identification areas of the business to scale up or down, which enables M3 to stay ahead of business demand by proactively reassigning account teams and recruiting personnel.",,https://www.tableau.com/solutions/customer/m3-insurance-sees-upsurge-win-rates-and-efficiency-ai-powered-insights,,"HR analytics,Staffing analysis,Employee turnover analysis",Low,
61,62,Management,Analytics Copilot,IT,,2025.0,Salesforce,,"Data access gap: Non-technical people have questions, but not answers, and decisions slow down due to a backlog of support requests. (Even worse, people start making decisions using old data or best guesses.) Engineers and data scientists spend their time writing queries and fetching data instead of building high-value features.",Horizon Agent,LLM,"For non-technical people: reducing the time to receive analytics from dozens of hours to a few minutes.
Data analysts spend less time making custom requests for users.",,How We Built a Text-To-SQL AI Agent to Get Instant Answers,,"Sales analysis,Financial Statement",High,
62,63,Cybersecurity,Analytics Copilot,IT,,,Box,Tableau/Salesforce,"The number one goal at Box is to provide the most trusted and secure intelligent content management platform. it is fighting increasingly sophisticated cybersecurity threats from bad actors employing AI tools and facing escalated risks.  
Security is a data problem:
- Complex data presentation: hinders quick identification and extraction of key insights
- Lack of instant metric assessment: makes it difficult to identify success and areas for focus
- Need for timely insights: lack of live, centralized, up-to-date information slows actions",Tableau Pulse,"NLP-модели, LLM","- 97% reduction in time to data insights
- 92% reduction in time to prepare Monthly Operational and Quarterly Business Reviews
- 99% reduction in time required to create monthly, quarterly, annual, and year-to-date visualizations.
- 99% expected reduction in time to manually compile reports for the CISO",,https://www.tableau.com/solutions/customer/box-fights-cyber-threats-effectively-bringing-strategic-clarity-security-data,,Security analytics,,
63,64,Marketing Manager,Analytics Copilot,IT,,,Salesforce,Tableau/Salesforce,"Understanding marketing’s true contribution to sales attainment. Attribution requires stitching together data from multiple sources, applying nuanced definitions like marketing-driven pipeline (MDP), and then translating it all into insights that business users can act on. Traditionally, this work demanded significant time and the expertise of dedicated analysts.",Tableau Next,"NLP-модели, LLM, Semantic modeling","- Marketers save hours previously spent navigating dashboards or pulling reports. 
- analysts are freed from answering ad-hoc questions, giving them time to focus on deeper, more complex analysis that scales their impact.
- Leaders gain clarity on attribution and MDP faster than ever—empowering smarter, data-driven decisions at scale.",,https://www.tableau.com/solutions/customer/tableau-next-transforms-data-action-marketing-customer-success-sales,,Marketing analytics,,
64,65,Cross-functional,Analytics Copilot,Automotive,,,SimplyFleet,Text2SQL.ai,"SimplyFleet's reporting lived in separate modules (maintenance, fuel, trips). Users who needed combined views (e.g., ""show all expenses last month across trips + maintenance + fill-ups"") had to export multiple reports and stitch them together. They considered a traditional drag-and-drop BI builder, but it felt complex for end-users and heavy to implement. They wanted a conversational, flexible experience that kept product control in-app without buying an expensive, bundled dashboard platform.",Text2SQL.ai,LLM,"Over 110+ organizations used AI reporting within the first month.
Support: Only 4–5 report-assist tickets total; most queries worked out-of-the-box.
Friction: Minimal—launch video + in-product prompts drove immediate use.",SMB,https://www.text2sql.ai/case-study-simplyfleet,,Report generation,High,
65,66,"Development 
Data Analytics",Analytics Copilot,Financial Services,,2025.0,Т-Банк,Т-Банк,"- Ускорить работу с данными (написание SQL‑запросы, скрипты для ETL)
- уменьшать зависимость от узких специалистов в команде
- быстрее находить нужную информацию
- создавать ИТ‑решения без долгих согласований
- упрощать взаимодействие с Data Platform на этапах анализа, разработки и внедрения",AI Data assistant,LLM,"3 000 разработчиков и аналитиков использовали AI -Data
Аналитики извлекают нужные им таблицы с помощью AI -Data","AI‑ассистент помогает помогает писать и править SQL‑запросы, генерирует релевантные скрипты для ETL и отвечает на аналитические вопросы прямо в контексте работы с данными",AI‑решения для разработчиков,,"Generating SQL queries,Table search",Medium,
66,67,Сбер,Analytics Copilot,Financial Services,,2024.0,Сбер,Сбер,"Руководству, менеджерам, бизнес‑аналитикам необходимо использовать аналитику при принятии решений. Но не все из них знают SQL и могут работать с инструментами для анализа данных. Нужен  инструмент, позволяющий обрабатывать данные на естественном языке.",AI DataChat,LLM GigaChat‑Pro (30b-8k),Упрощает работу с данными для сотрудников,,https://habr.com/ru/companies/sberbank/articles/875306/,,"Generating SQL queries,Table search",Medium,
68,69,Management,Analytics Copilot,Retail,,2025.0,X5 Group,Easyreport.ai,"В X5 уже была построена собственная аналитическая платформа в контуре, но была не закрыта потребность в  доступе к аналитике через мобильные устройства и корп. мессенджер (особенно актуально для полевых сотрудников и быстрые поиск данных на совещаниях). ",Easyreport.ai,"NLP-модели, LLM","Скорость получения информации - 2-3 сек
MAU пользователей - х117 раз c 2024 по 2025 г",,https://docs.google.com/document/d/1hUDXnbaNZRM7gI45m3WVtKnd00YB5Pbv4UOQyybvEg8/edit?usp=sharing,,"Sales analysis,Mobile analitics",High,
70,71,Data Analytics,Analytics Copilot,Social platforms,,2024.0,Pinterest,,Writing queries to solve analytical problems is the core task for Pinterest’s data users. Finding the right data and translating an analytical problem into correct and efficient SQL code can be challenging tasks in a fast-paced environment with significant amounts of data spread across different domains. identifying the correct tables amongst the hundreds of thousands in our data warehouse is actually a significant challenge for users.,,"NLP-модели, LLM","First-shot acceptance rate for the generated SQL - 40%
35% improvement in task completion speed for writing SQL queries.
The table search hit rate increased up to 90%",,How we built Text-to-SQL at Pinterest | by Pinterest Engineering | Pinterest Engineering Blog | Medium,,"Generating SQL queries,Table search",Medium,
71,72,Data Analytics,Analytics Copilot,Social platforms,,2024.0,LinkedIn,,Data experts spend a significant amount of their time helping colleagues find data they need – time that could be spent on complex analysis and strategic initiatives.,SQL Bot,LLM,"~95% of usersrated SQL Bot’s query accuracy “Passes” or above, and ~40% rated the query accuracy “Very Good” or “Excellent”.
The “Fix with AI” feature has very high usage—accounting for 80% of our sessions—frequently saving users time in debugging their queries.",,Practical Text-to-SQL for Data Analytics,,"Generating SQL queries,Table search",Medium,
72,73,"Management
Data Analytics",Analytics Copilot,Food Delivery,,2024.0,Swiggy,,"Improved data accessibility, 
Enhanced decision-making speed, 
Efficiency and productivity: streamline the process of querying data, saving time and effort for users",Hermes,LLM,average response time of <2 minutes,,https://bytes.swiggy.com/hermes-a-text-to-sql-solution-at-swiggy-81573fb4fb6e,,"Product metric analysis,Distribution metric analysis,Post-release validation",,
73,74,Finance,Analytics Copilot,Automotive,,2025.0,Uber,,financial analysts and accountants sift through vast data sets to support real-time decision-making. Traditional data access—often involving complex SQL queries across multiple platforms—creates delays that can impact critical financial insights.,Finch,LLM,finance teams receive real-time insights with minimal latency and maximum reliability.,,https://www.uber.com/en-IN/blog/unlocking-financial-insights-with-finch/,,Financial Statement,High,
74,75,"Management
Risk department ",Analytics Copilot,Financial Services,,2025.0,NBIM,Anthropic,The ability for managers to do query  Snowflake data warehouse and analyze earnings calls with unprecedented efficiency,Claude,LLM,"achieved ~20% productivity gains - equivalent to 213,000 hours",,https://www.anthropic.com/news/claude-for-financial-services,,"Investment analysis,Risk analysis",,
75,76,Cross-functional,Corporative Copilot,IT,,2024.0,CDW,Microsoft,CDW can enhance customer service through firsthand experience and accelerate clients' AI journeys.,Microsoft Business Copilot,GenAI,"88% of users report that Copilot helps them improve their work quality, and 77% say that they complete tasks more quickly",10 000 copilot users,https://www.microsoft.com/en/customers/story/19101-cdw-corporation-microsoft-365,,"email/messages summaries,meeting summaries,document compilation,document analysis",High,
76,77,Sales,Corporative Copilot,IT,,2024.0,Insight Canada,Microsoft,Insight wanted to translate its own experiences to accelerate its clients’ AI journeys,Microsoft Business Copilot,GenAI,respond to customer requests for proposals (RFPs) about 50% more quickly,4600 copilot users,https://www.microsoft.com/en/customers/story/1797709165933196148-insight-canada-microsoft-copilot-for-microsoft-365-other-en-united-states,,document compilation,High,
77,78,Cross-functional,Corporative Copilot,Airline,,,AirAsia,Yellow.ai,"AirAsia’s Ground Operations management aimed to provide its global employees with an efficient, seamless, and sustainable ready-reckoner for quick queries and FAQs to serve their guests at the airport better.",Yellow.ai platform,"GenAI, RAG",Swiftly access precise information sourced from several ground operation manuals and thousands of valid information bulletins spanning thousands of pages with AI-bot,,https://yellow.ai/case-study/airasia/,,Knowledge base search,High,
78,79,Sales,Corporative Copilot,Telecommunications,,2025.0,Nomad eSIM,Google,Quickly preparing initial drafts of standard procedures and documents for sales,Gemini,GenAI,15% increase in sales close rate and saved 10% of the Operations team's time in drafting SOPs.,,https://cloud.google.com/transform/101-real-world-generative-ai-use-cases-from-industry-leaders,,document compilation,High,
79,80,Cross-functional,Corporative Copilot,IT,,2025.0,Parseur,Google,extraction data from emails and PDFs at scale,Gemini,GenAI,The company attributed 36.2% of overall revenue to Google Cloud AI services and grew its customer base by 50.4% year-on-year,"a Singapore-based AI document processing platform with four team members supporting more than 50,000 users",https://cloud.google.com/transform/101-real-world-generative-ai-use-cases-from-industry-leaders,,data extraction from documents,,
80,81,Cross-functional,Corporative Copilot,Social platforms,,2025.0,Humanizadas,Google,Automation of the classification of online comments as toxic or those that identify people,Gemini,GenAI,The time required for operational processes was reduced by 95%.,,https://cloud.google.com/transform/101-real-world-generative-ai-use-cases-from-industry-leaders,,"identifying toxic comments,data extraction from documents",,
81,82,Cross-functional,Corporative Copilot / HR Copilot,Financial Services,,2025.0,JPMorgan Chase,-,"Employees often spend significant time on repetitive and manual tasks, such as drafting reports, generating presentations, or analyzing routine data. The bank needed a solution to assist employees in managing workloads, accessing insights quickly, and fostering innovation across departments.",Generative AI tools,GenAI,"Increased Productivity, Time Savings
Enhanced Collaboration across teams and locations
","Content Generation: Generative AI tools create high-quality drafts for reports, emails, presentations, and other business documents, saving employees time and effort.
Data Insights: AI analyzes data to deliver insights, helping employees make quick, informed decisions.
Collaboration Enhancement: AI platforms enable real-time collaboration by summarizing meetings, tracking tasks, and sharing knowledge.
Personalized Assistance: AI-powered virtual assistants offer customized support, addressing employee queries and guiding internal processes.",https://digitaldefynd.com/IQ/jp-morgan-using-ai-case-study/,,"document compilation,text generation,text data analysis,meeting summaries,presentation generation",High,
82,83,Cross-functional,Corporative Copilot,Business Services,,2024.0,Cintas,Google,to develop an internal knowledge center that will empower its employee-partners to more quickly and easily source key information that elevates the Cintas customer experience,Vertex AI Search,"GenAI, RAG","A more personalized customer experience
Searching for answers to customers' questions and resolving issues more quickly.",,https://www.cintas.com/newsroom/details/news/2024/04/11/cintas-builds-generative-ai-powered-internal-knowledge-center-with-google-cloud/,,Knowledge base search,High,
83,84,"Cross-functional
Sales 
Support",Corporative Copilot,Manufacturing,,2025.0,Sandvik,Microsoft,Quickly access decades of company knowledge using natural language for employees and customers,"Microsoft Azure OpenAI Service, Azure AI Search","GenAI, RAG","Saving time for employees to 20% to 30%
50% less time to onboard new salespeople",,https://www.microsoft.com/en/customers/story/22965-sandvik-azure-open-ai-service,,Knowledge base search,High,
84,85,Cross-functional,Corporative Copilot,Financial Services,,2025.0,Wells Fargo,Google,"To help employees answer, triage, and summarize complex foreign exchange post-trade inquiries.
Identifying contracts with specific clauses among 25000 documents
Real-time market insights.","Gemini Enterprise, NotebookLM, ","GenAI, RAG, AI-agents",-,,https://cloud.google.com/blog/topics/financial-services/wells-fargo-agentic-ai-agentspace-empowering-workers,,"multimodal search,document analysis",,
85,86,Analytics,Corporative Copilot,Financial Services,,2025.0,Deutsche Bank,Google,"Analysts would sift through and gather data from financial statements, regulatory filings, and industry reports. This is a very time-consuming process, it limits the depth of analysis and the range of topics they can cover.The goal was to enhance the research analyst experience and reduce the reliance on manual processes and outsourcing.",DB Lumina agent/ Gemini,"GenAI, RAG, AI-agents","Analyst time savings: 30 to 45 minutes on preparing earnings note templates and up to two hours when writing research reports and roadshow updates.
Increased analysis depth: an analyst increased the analysis in an earnings report by 50%, adding additions sections by region and activity
Increased editorial and grammatical accuracy in reports","1. Gen AI-powered chat
2. Prompt templates
3. RAG: internal research, external unstructured data",https://cloud.google.com/blog/topics/financial-services/deutsche-bank-delivers-ai-powered-financial-research-with-db-lumina,,"report compilation,text editing,document analysis,Knowledge base search",High,
86,87,Audit,Corporative Copilot,Utilities,,2025.0,AES,Google,"AES dedicates more than 1,500 safety management program audits annually. Each audit takes approximately 100 employee hours to complete. AES needed this process to be at least 100 times faster than a human",Anthropic’s Claude models / Vertex AI,"GenAI, RAG, AI-agents","Reduces costs of audits by 99%
Accelerates audit results from 14 days to one hour
Doubles annual audit capacity
Increases audit accuracy by up to 20%",,https://cloud.google.com/customers/aes,,"document analysis,report compilation",High,
87,88,Cross-functional,Corporative Copilot,Healthcare,,2024.0,MediTech,Google,To reduce the workload of administrative tasks for employees,"Google WorkSpace, Gemini Enterprise",,7 hours weekly saving,,https://youtu.be/wfDJgOs8fBQ?si=nuP30tXwET95qyHB,,"meeting summaries,text editing",High,
88,89,Cross-functional,Corporative Copilot,Energy industry,,2024.0,Enerjisa Üretim,Microsoft,Reducing administrative work and increasing employees mental bandwidth,Microsoft Copilot,GenAI,"Spending 60% less time for Creating a 30-page budget presentationwith. Previously, it required 2 days of work by a 3-person team, with copilot only one person to do this.
Enerjisa Üretim gained quick access to objective, efficient recaps of meetings and action items.",,https://www.microsoft.com/en/customers/story/1762150085964970175-enerjisa-uretim-microsoft-copilot-energy-en-turkiye,,"meeting summaries,report compilation,presentation generation,reformating documents",High,
89,90,Cross-functional,Corporative Copilot,Energy industry,,2025.0,HELLENiQ ENERGY,Microsoft,Boosting productivity and saving time on routine tasks,Microsoft 365 Copilot / Copilot Studio,GenAI,"70% of users reported increased productivity. 
Tasks like identifying, processing and sharing the right information are completed 29% faster. 
Users caught up on missed meetings nearly four times faster and reduced email handling time by 64%.",,https://www.microsoft.com/en/customers/story/24670-helleniq-energy-microsoft-365-copilot,,"email processing,meeting summaries,document analysis,Knowledge base search",High,
90,91,Cross-functional,Corporative Copilot,Mining industry,,2025.0,Ma’aden,Microsoft,Ma’aden aims to deliver a remarkable 10x increase in EBITDA by 2040. But talent availability and the highly competitive job market remain a big challenge.,"Microsoft 365 Copilot, Copilot Studio и Azure OpenAI Service ",GenAI,"users saving up to 2,200 hours monthly",,https://www.microsoft.com/en/customers/story/21514-maaden-microsoft-365-copilot,,"email processing,document compilation,text data analysis,presentation generation,Document summarization and retrieval,Knowledge base search",High,
91,92,"Cross-functional
PR 
Sales",Corporative Copilot,Petrochemical industry,,2024.0,Petrochemical Industries Company (PIC),Microsoft,"Digital transformation, with a focus on intelligent automation.",Microsoft Copilot,GenAI,"Reduction in document preparation time (requests for proposals and quotations) from one week to one day.
Reduction in speech drafting time from one day to 5 min.
Company-wide correspondences sound and look more professional,",,https://www.microsoft.com/en/customers/story/1776965075841351020-petrochemical-industries-company-microsoft-365-energy-en-kuwait,,"documents compilation,text generation,text editing",High,
92,93,Cross-functional,Corporative Copilot,Financial Services,,2024.0,BCI,Microsoft,To transform business operations and support employee efficiency,Microsoft Copilot,GenAI,"BCI increased productivity by 10%-20% for 84% of Copilot users and increased their job satisfaction by 68%. The business saved more than 2,300 person-hours with automation, reduced the time spent on writing internal audit reports by 30% and saved one month of processing time to analyze 8,000 survey comments.",,https://www.microsoft.com/en/customers/story/18816-british-columbia-investment-management-corporation-microsoft-365-copilot,,"audit reports compilation,meeting summaries,text data analysis,text editing,Knowledge base search",High,
93,94,Cross-functional,Corporative Copilot,Financial Services,,2025.0,"""Commercial Bank of Dubai, CBD""",Microsoft,to enhance productivity and empower employees to achieve more in less time,Microsoft Copilot,GenAI,"CBD saves 39,000 hours per year, streamlining workflows, improving collaboration and employee experience
Using Copilot to generate PowerPoint presentations from Excel data, cutting up to 12 hours per week on manual reporting.
15 hours per month saved by the Board Secretary",900 users,https://www.microsoft.com/en/customers/story/24341-commercial-bank-of-dubai-microsoft-365-copilot,,"meeting summaries,email processing,Document summarization and retrieval,text generation,presentation generation",High,
94,95,Cross-functional,Corporative Copilot / HR Copilot,Consulting,,2023.0,McKinsey,-,"search and synthesis of the firm’s vast stores of knowledge to bring our best insights, quickly and efficiently, to clients.",Lilli bot,GenAI,"Reduced 20 percent of time preparing for meetings, it improves the quality of presentation.",,https://www.mckinsey.com/about-us/new-at-mckinsey-blog/meet-lilli-our-generative-ai-tool,,"tutor on new topics,thought-sparring partner,Knowledge base search",,
95,96,Cross-functional,Corporative Copilot,Financial Services,,2025.0,ATB Financial,Google,introduction of innovations,"Google WorkSpace, Gemini",GenAI,"40% of our team members who were using Gemini used it at least once a day, every day, and saved about two hours per week",5000 users,https://workspace.google.com/blog/customer-stories/supercharging-employee-experience-and-reducing-routine-work-gemini-atb-financial,,"brainstorm,fast access to formulas in Google Sheets",,
96,97,"Cross-functional
Marketing, CX, support teams, sales,
Finance, IT, engineering, legal",Corporative Copilot,IT,,2025.0,Databricks,Grammarly,Challenge: manually reviewing every corporate and customer-facing communication.  Editorial capacity was stretched thin.,Grammarly Business,"NLP, GenAI","1994% ROI, $1.4M in annual savings, 1.2 month payback period
Grammarly has helped reduce editing time by 50%, saving 540 hours per year, increased the average number of support cases resolved by 10%–15%, and decreased time to resolution by 25%.
Integrating Grammarly into hiring and onboarding, driving nearly $8,000 in employee productivity gains and saving $50,000 annually in soft skills training.",,https://www.grammarly.com/business/learn/how-databricks-saves-1-4m-annually-with-grammarly/,,"text editing,soft skills training,employee onbording,brand suggestions ",,
97,98,Cross-functional,Corporative Copilot,IT,,2025.0,Smartsheet,Grammarly,"Smartsheet requires clear, concise, and professional communication across email, chat, and multiple other channels",Grammarly Business,"NLP, GenAI","283% ROI, 1600 hours saved annually",,https://www.grammarly.com/business/learn/smartsheet/,,"text editing,brand suggestions ,text generation",High,
98,99,Cross-functional,Corporative Copilot,Healthcare,,2025.0,MemorialCare,Grammarly,"The organization struggled to maintain clear, professional, and consistent communication across departments. ",Grammarly Business,"NLP, GenAI","20% days saved per employee per year
$10K annual savings per employee",,https://www.grammarly.com/business/learn/memorialcare/,,text editing,High,
99,100,Clinical study reports writers,Corporative Copilot,Pharmaceutical industry,,2025.0,Novo Nordisk,Anthropic,"Documentation was a critical bottleneck. Clinical study reports can run 300 pages, and staff writers averaged just 2.3 reports annually. Each day of delay costs up to $15 million in potential revenue. ",NovoScribe/Claude,"NLP, GenAI",90% reduction in writing time: documentation that took 10+ weeks now takes 10 minutes. Device verification protocols that previously required entire departments need just one user. Review cycles dropped 50% as quality improved.,,https://www.anthropic.com/news/driving-ai-transformation-with-claude,,"Knowledge base search,report compilation",High,
100,101,Cross-functional,Corporative Copilot,Agriculture,,2025.0,Neolait,Salesforce,"The time-consuming, and repetitive task of constantly writing and updating thousands of product descriptions on their website",Salesforce Einstein 1 Commerce,"NLP, GenAI","Neolait saved companies hours on writing tasks, improved content performance, and ensured it could adhere to regulatory compliance standards with minimal effort.",,https://www.uctoday.com/collaboration/ai-copilots-success-stories-how-copilots-are-transforming-workplaces/,,text generation,High,
101,102,Cross-functional,Corporative Copilot,Financial Services,,,Super.com,Glean,"Knowledge are scattered across multiple platforms, making it harder for employees to find the information they needed. The task is to make knowledge easier to find.",Glean search,"NLP, GenAI","17x ROI from time saving
Employees found information 20 minutes faster per day, saving more than 1,500 hours monthly. ",,https://www.glean.com/resources/customer-stories/super,,Knowledge base search,High,
102,103,Real estate agents,Corporative Copilot,Real estate,,2025.0,Gazelle,Google,reduced sales content generation time,Gemini,GenAI,"Gazelle increased output accuracy from 95% to 99.9%, reduced content generation time from four hours to 10 seconds",,https://cloud.google.com/transform/101-real-world-generative-ai-use-cases-from-industry-leaders,,"extracting information from documents,text generation",High,
103,104,Cross-functional,Corporative Copilot,Electronics,,2025.0,Toshiba,Microsoft,"Toshiba's goals are to achieve sales of 3.75 trillion yen and an operating margin (ROS) of 10% by the fiscal year ending March 31, 2027.
Business process transformation is the key for increasing profit potential. ",Microsoft Copilot,GenAI,"Savings of 5.6 hours/month per employee
Reduction in survey response processing time from 3 months to 1 day.",10000 users,https://www.microsoft.com/en/customers/story/23123-toshiba-corporation-microsoft-viva-insights,,"presentation generation,meeting summaries",High,
104,105,,,,1.0,2025.0,МТС Справка,MWS AI,"PoC, вопросы по базе знаний на сайте https://support.mts.ru/
Рисерчили внешний рынок (Яндекс, Автофак), заинтересовало наше решение как приоритетное, если качество ответов будет хорошим

Требовалась предобработка вопроса с LLM для более точного поиска","Что сделано в рамках PoC (LLMINT-27):

осуществлен парсинг данных с сайта (более 1000 статей)
реализован rag pipeline на стенде http://10.203.4.43:8922/
Итог - устроило качество, но не устроила скорость ответа (текущая - более 5 секунд на ответ)",,Качество верных ответов 76%,,,,"RAG,Расп-е текста на изображ(OCR),Суммаризация",,
105,106,,,,1.0,2025.0,Алроса,MWS AI,Поиск по документам со специфической терминологией (геология) https://docs.google.com/document/d/1puQT9RLrt3wgrJZHUn1evpEmlqoHCQyJ/edit#heading=h.gjdgxs,"Настроили стенд в стримлите http://10.203.4.41:8503/

На стенде два типа ответов:

гибридный поиск, где vector retriever - chromadb, а FTS retriever - BM25. (веса 0,3+0,7)
гибридный поиск, где FTS retriever также BM25, а векторный выполняется в два этапа: а) формирование более общего вопроса на основе вопроса пользователя. б) векторный поиск по более общему вопросу. Далее также (0,7+0,3)",,"Для оценки заказчик прислал 9 вопросов.
Треть оценили как верные, примерно 50% как с погрешностью/трудно оценить",,,,"Суммаризация,RAG,Расп-е текста на изображ(OCR)",,
106,107,,,,1.0,2025.0,Воксис,MWS AI,"PoC
Первая задача - нужен был стенд с ответами на типичные вопросы соискателей
Вторая задача (появилась позднее) - вывести ответы в формат чата с сохранением истории, прикинуться  HR-ом Кариной","1. Сделан индекс на данных от заказчика, поднят стенд в стримлите https://docqa-voxys.dev.mts.ai/
2. На основе п.1 сделали чат. Завели в ТГ для получения ID пользователя. В итоге внутри общаются три бота: 1)общается с пользователем, следит за контекстом и историей 2)ходит в РАГ и умеет подкидывать релевантные куски 3)занимается только тем, что решает нужно ли идти в РАГ или нет.
https://t.me/voooxsBot

Все три бота работают внутри ТГ, осталась возможность кастомизации, на ответ влияет история диалога.",,"Качество ответов на стенде примерно 81% верных
качество в боте не оценивали",,,,RAG,,
107,108,,,,1.0,2025.0,Минфин,MWS AI,"Автороспись писем по департаментам. На входе письма в pdf, которые по содержанию нужно отнести к адресату - соответствующему департаменту внутри Минфина","Стенд в стримлит https://docqa-minfin-letters.dev.mts.ai/
анализируем содержание письма, строим предположение к какому набору характеристик может относиться, ищем близкий результат, выдаем название департамента
также вывели краткое содержание проанализированного письма в UI",,Примерно 21% верных соотнесений,,,,"Суммаризация,RAG,Расп-е текста на изображ(OCR),Классификация",,
108,109,,,,1.0,2025.0,Уралсиб,MWS AI,классифкацию запросов,"промпты на классификацию, несоклько итераций",,около 60,,,,Классификация,,
109,110,,,,1.0,2025.0,ВСК,MWS AI,"Классификатор запросов КЦ, извлечение сущностей

Извлечение сущностей","промпты на классификацию, несоклько итераций, проспты на извлечение",,около 60,,,,Классификация,,
110,111,,,,1.0,2025.0,дом.рф банк,MWS AI,искать в инсталляции на площадке дом.рф в конструкторе RAG,передан образ пустого RAG,,до 97%,,,,,,
114,115,,,,1.0,2025.0,Почта-банк,MWS AI,,"Подняли стенд, дали доступ Заказчику. Обновляли 1 раз индекс и пайплайн для улучшения результатов",,"Сначала были печальные результаты по тестам Заказчиком:
Всего – 57 запроса.
Корректно – 12
Некорректно – 30
Частично корректно – 15

Потом мы изменили пайплайн и улучшили результаты, заказчик ушел тестировать и вернулся с:
Всего протестирован 89 запросов:
Корректно — 28;
Частично —28;
Некорректно – 33.",,,,,,
116,117,,,,1.0,2025.0,Skillazz,MWS AI,Написание резюме и скриннинг вакансий,"Дали доступ к 70В модели 1. Модель 70b - интерфейс будет доступен через web.
Адрес интерфейса: https://cotype5.dev.mts.ai/
Адрес API Endpoint (раздел 7 документации): https://demo5-fundres.dev.mts.ai
API_KEY: eyJhbGciOiJIUzI1NiIsInR5cCI6IkpXVCJ9.eyJlbWFpbCI6InIubXVsbGEtZ2FpYW5vdkBza2lsbGF6LnJ1In0.fKGsWN9SrhFkGYs8zhoSLybWs_xYLIrx7kAjLPRpsas",,Качество работы модели закзачика удовлетворило,,,,,,
118,119,,,,1.0,2025.0,МТС Тревел,MWS AI,Поисковый индекс по постам тг-каналов (выгрузке),"Индекс на 2 стендах, передан доступ по апи",,нет,,,,"RAG,Суммаризация,Генерации json",,
119,120,,,,1.0,2025.0,IPSOS,MWS AI,"Кодификацтор опросов ОМ, генератор кодификаторов",Промптинг,,"95% качество классификации, сравнение с эатоном",,,,,,
120,121,,,,1.0,2025.0,Честный знак,MWS AI,"Вопрос-ответная система по документации

Предобработка вопроса","Поисковый индекс по открытым данным и данным заказчика, несоклько итераций",,нет,,,,"RAG,Суммаризация,Генерации json",,
121,122,,,,1.0,2025.0,НЛМК,MWS AI,"Систему, которая по БД умеет строить SQL-запросы на основе ввода на естественном языке",Большой проект с промптингом,,нет,,,,,,
122,123,,,,1.0,2025.0,СИБУР,MWS AI,"Систему, которая по БД умеет строить SQL-запросы на основе ввода на естественном языке",Большой проект с промптингом,,нет,,,,,,
123,124,,,,1.0,2025.0,MWS,MWS AI,RAG-конструктор разной наполненности,Разные сборки с данными индекса,,нет,,,,,,
124,125,,,,1.0,2025.0,MWS,MWS AI,Генератор документа RCA на основе данных о решении инцидентов,Промптинг,,нет,,,,,,
125,126,,,,1.0,2025.0,РСХБ,MWS AI,"Воспрос-ответная система по ТП на сонвое выгрузки, несколько раз менялись данные",Аналитика,,нет,,,,,,
127,128,,,,2.0,2025.0,Фармперспектива,MWS AI,"Автоматизировать написание тест-кейсов для тестирования своих систем на 1С

Генерация большого объема текста на основе имеющихся данных, не придумывая новое (то есть не можем отнести к брейнштормингу и креативному письму)","Реализация: пользователь загружает документацию системы, по которой необходимо сформировать тест-кейсы

Процесс генерации разбит на шаги: загрузка, утверждение черновика, финальная сборка документа с тест-кейсами

В интерфейс выведена настройка промптов, чтобы заказчик сам могу учесть новые пожелания

Настроена аутентификация в кейклок",,Запрошен фидбек от специалистов 1С заказчика,,,,"Суммаризация,Расп-е текста на изображ(OCR),""Распознавание графиков, диаграм, таблиц"",Распоз элементов интерфейса",,
128,129,,,,2.0,2025.0,РСХБ,MWS AI,Автоматизировать классификацию подсервисов для обращений в ТП,"Список подсервисов вынесен в structrured output с возможностью редактирования в UI

Одиночная и массовая классификация

",,"Оценка точности - примерно 60%
Полнота - пересчитать",,,,Классификация,,
129,130,,,,2.0,2025.0,МТС ИИ Продсаппорт,MWS AI,Автоматизировать назначение готовых статей для неразобранных тикетов в поддержке,"Стенд для соотнесения тикетов, поступающий в ТП с базой готовых статей, массовый прогон",,"Точность первой итерации - 41%
Полноту не оценивали",,,,Классификация,,
130,131,,,,2.0,2025.0,MOMRA,MWS AI,Чат с поиском по документу,"Пользователь может загрузить любые pdf/excel документы

После индексации пользователю становится доступен чат по сформированной базе знаний.  Сохраняется история диалога и можно задавать уточняющие вопросы.",,Точно не оценивали,,,,"RAG,Суммаризация,Расп-е текста на изображ(OCR),""Распознавание графиков, диаграм, таблиц"",Распоз элементов интерфейса",,
131,132,,,,2.0,2025.0,БТБ ИИ Маркетплейс,MWS AI,"Проверить возможно ли создать качественное для генерации смм контента, видимо для продаж как готовое решение","Генерация контент-планов и постов с возможность указать параметры (ЦА, категория бизнеса, частота публикации, каналы и пр.)

В UI вынесены промпты для возможности доп. настроек",,Точно не оценивали,,,,"Креативное письмо,Бреиншторминг (способность генерации новых идей)",,
132,133,,,,2.0,2025.0,МГТ,MWS AI,"Автоматизировать направление обращений в нужные службы

Предобработка запроса, остальное на ML","Промпты с извлечением сути проблемы из жалобы
Предобработка и формирование датасета из текста жалобы + заполненных пользователем категорий: объект, категория объекта

Метод ближайших соседей, где текст нового обращения сравнивается с уже размеченными примерами
Стратифицированная кросс-валидация (Stratified K-Fold), цель – проверить устойчивость модели и исключить влияние случайного разбиения данных

В индексе 10 000 примеров классифицированных обращений

12 категорий классификации",,"Точность новой классификации методом ""ближайших соседей"" - примерно 80%

Перепроверка с помощью Стратифицированная кросс-валидация - примерно 75%",,,,,,
133,134,,,,3.0,2025.0,Акрихин,MWS AI,"Автоматизировать поиск по внутренней документации

Предобработка запроса и обогащение с помощью заполнения словаря","Создано 4 отдельных индекса по категориям знаний, поиск с выбором конретного из списка или по всем. Поддерживается вывод картинок из документов (без распознавания).

Из-за специфики домена создан словарь ассоциативных терминов и сокращений. При поиске пользовательский запрос обогащается найденными ассоциациями для улучшения точности поиска",,"Не замеряли, планируем передать тренерам",,,,"Суммаризация,RAG,Расп-е текста на изображ(OCR),""Распознавание графиков, диаграм, таблиц""",,
134,135,,,,3.0,2025.0,Черноголовка,MWS AI,Автоматизировать поиск по внутренней документации,"Создан общий индекс по предоставленной документации.
Поддерживается индексация новых документов из интерфейса.",,"Провели самостоятельную оценку качества по методике тренеров - Черноголовка / Оценка ответов
Верные - 82%",,,,"Суммаризация,RAG",,
135,136,,,,3.0,2025.0,Аэрофлот,MWS AI,"Упростить работу с закупочной документацией - быстро анализировать предложения поставщиков

Извлечение сущностей","Инструмент для извлечения  информации из документов закупок (может быть использован для любых документов).

Основная функциональность:
Загрузка документов в PDF, WORD, TXT
Указание нужных атрибутов для извлечения.  Есть предустановленный набор атрибутов, можно менять.
Асинхронная обработка атрибутов. Кеширование запросов позволяет  извлекать каждый атрибут отдельным запросом.
Доступна настройка количества одновременных запросов
Двухэтапный процесс извлечения атрибутов с повторной попыткой для сложных случаев
Визуализация процесса обработки в реальном времени
Табличное представление излеченных данных, можно скачать результаты в excel
Анализ данных с мощью естественного языка

Настройка 3 типов промпотв: для первичного извлечения данных, для повторного изволения, а также для целей аналитики",,Конкретные метрики не замерялись,,,,"Суммаризация,Математика и арифметичие операции,Расп-е текста на изображ(OCR)",,
136,137,,,,3.0,2025.0,Минфин,MWS AI,Определять к какому из 28 департаментов относится входящее письмо,"Собрали, обработали и добавили новые данные о функциях департамента. Всего было проиндексировано около 1,5 тысячи строк с описанием различных функций.
Сделали доработку суммаризации, использование выделение сущностей с кейса Аэрофлота.
Собрали два новых индекса",,"Делали самостоятельную оценку - Результаты тестирования
Финальные результаты не дали значительный рост качества",,,,"Суммаризация,RAG",,
137,138,,,,4.0,2025.0,НПФ Сбербанка,MWS AI,Стенд с вопросами-ответами,"Стенд в стримлите с раг по внутренней документации.

Валидационный сет сформировали с помощью авторага.

Отдельно подготовлен эндоинт для отправки вопросов по api (создан отдельный от стримлита аналогичный индекс)",,-,,,,"RAG,Суммаризация",,
138,139,,,,4.0,2025.0,Минцифры Воронеж,MWS AI,Помогать инженерам тех. поддержки быстрее находить ответы по теме администрирования Астра Линукса,"
Стенд в стримлите с раг по руководствам поддержки Astra Linux. Данные парсились с https://wiki.astralinux.ru/pages/viewpage.action?pageId=137563555

Валидационный сет сформировали с помощью авторага.

В ответах используются общие знания модели по теме системного администрирования и Астра Линукс в случае если подходящей информации нет в загруженных руководствах",,-,,,,"Суммаризация,RAG",,
139,140,,,,4.0,2025.0,ДИТ,MWS AI,"В текущем боте есть проблемы с масштабированием сценариев, так как система работает на промптах. Хотелось попробовать альтернативный вариант с раг, чтобы в том числе посмотреть на прирост по качеству определения мошенничества.
Агенты","Бот на примерах:
Использует RAG-подход с базой реальных мошеннических сообщений
Находит похожие примеры из базы для анализа входящего сообщения
Для каждого примера хранятся категории и признаки мошенничества

Бот на признаках:
Использует RAG с базой признаков мошенничества (категории, описания, ключевые слова)
Находит релевантные признаки по ключевым словам из входящего сообщения
На их основе формирует вердикт о наличии мошенничества

Агентный бот:
Использует систему взаимодействующих LLM-агентов
Агент-распределитель (триаж) определяет нужные специализированные агенты
Параллельно запускаются агенты для проверки конкретных типов мошенничества
Финальный агент компилирует отчет на основе всех проверок",,Еще замеряют,,,,"Суммаризация,RAG",,
140,141,,,,4.0,2025.0,Минфин,MWS AI,Автоматизировать ответы на письма в Минфин,"MVP-cтенд для генерации проекта ответа на входящее письмо.

После загрузки письма формируется дайджест с основной темой, ключевыми пунктами и деталями, которые помогают быстрее определить содержание запроса.

Для подготовки ответа формируется вводная шаблонная часть. Есть два поля ввода для уточнения ""тела"" ответа: 1) для ввода названия документов, на которые можно ссылаться; 2) ввод резолюции ответа.

На финальном шаге формируется проект ответа.

Сейчас делаем второй подход с классификацией по категориям типовых обращений и генерацией ответов по шаблонам категорий",,-,,,,"Креативное письмо,Суммаризация,Расп-е текста на изображ(OCR),""Распознавание графиков, диаграм, таблиц""",,
141,142,,,,4.0,2025.0,МинЮст Saudi Arabia,MWS AI,"1: в зале суда ведется траскрипция. Транскрибированный текст надо избавлять от грам/лекс ошибок и делать саммари. Люди говорят на разных диалектах - саудовском, египетском, йеменском и тд. Нужно чтобы суммаризация была именно на саудовском арабском

2: саммари транскрибированных звонков диалогов в кц и создание тикетов на основе смысла саммари","
Стенд на арабском языке, разделен на 2 функциональности.

Саммаризация  судебных заседаний: на вход подается транскрибированнй текст или документ, данные анализируются по настройкам в промпте и выдается краткая выжимка основных деталей из текста.

Извлечение сущностей: сделано на основе решения для Аэрофлота, но без аналитики документа. Задаются сущности для извлечения по загруженному файлу.

Для обоих кейсов в UI вынесены промпты и параметры модели",,-,,,,"Суммаризация,Расп-е текста на изображ(OCR)",,
142,143,,,,4.0,2025.0,МТС Тревел,MWS AI,"API по постам о Ярославле (аналогично тому, что делали для Самары), аналитику по постам","2 стенда: стримлит вопросы-ответы по БЗ + API, стенд с text-to-sql

Стенд для чата на естественным языке с базой данных по постам из соц. сетей о Ярославле.

В БД загружено несколько таблиц, модель изначально не знает сколько их, какая у них структура и содержание.

После ввода запроса, например, ""Сколько постов получили охват более 1000 человек в мае 2023 года?"" производится анализ таблиц, модель самостоятельно выбирает из каких граф извлекать информацию, использует sql-запросы.

В интерфейсе приводятся рассуждения модели о ходе своих решений и действий. Ответ выдается на естественном языке. Сохраняется история чата и возможность задавать дополнительные вопросы",,-,,,,"Генерация sql,Суммаризация",,
143,144,,,,4.0,2025.0,ДИТ,MWS AI,Инструмент для создания презентаций по шаблонам,"Поддерживается загрузка шаблонов в pptx.
На первом шаге задается пользовательский промпт, по которому модель собирает план и расширенный текст по теме, который можно отредактировать в том же поле ввода промпта. После подтверждения текста модель ориентируясь на контекст с прошлого шага сама выбирает структуру презентации и наполнение в виду заголовков, пунктов, текстовых блоков. После генерации текстового содержания можно внести точечные корректировки. На финальном этапе создается презентация, которую можно выгрузить в pptx",,-,,,,"Суммаризация,RAG,Классификация",,
275,276,,,,5.0,2022.0,,,Автоматизировать инвентаризацию животных,Видеоаналитика на базе ИИ и машинного зрения,Машинное зрение,Точность подсчета более 99%,,https://www.comnews.ru/digital-economy/content/220346/2022-05-23/2022-w21/cherkizovo-iskusstvennyy-intellekt-protestirovali-dlya-tochnogo-uchyota-sviney,,,,
276,277,,,Financial Services,,2022.0,,,В Центр корпоративных решений (ЦКР) Сбера поступает около миллиона обращений в квартал. Каждое промедление или ошибка в обслуживании клиентов стоит бизнесу значительных финансовых потерь.,"Качественный и оперативный анализ всех обращений в ЦКР. Инструмент, позволяющий автоматически: разбирать все диалоги с клиентами, анализировать их и давать оценку качества обслуживания.","речевая аналитика ЦРТ SmartLogger, технология распознавания речи и эмоций Salutespeech","Рост производительности контроля качества на 15%
Увеличение прибыли за 2022 год на 138 млн рублей
Рост показателей CSI на 13,3 за 4 квартал 2022 года",,https://developers.sber.ru/portal/cases/sber-crt-group,,,,
277,278,,,Financial Services,,2023.0,,,"Поиск принципиально новых источников источников устойчивого роста показателей эффективности бизнеса банка «Открытие».
Для достижения поставленных целей возникла необходимость формирования нового клиентского опыта как конкурентного преимущества банка","Сервис умных рекомендаций, оповещений, подсказок для клиентов и сотрудников банка","градиентный бустинг (Light Gradient Boosting, LGB), сети долгой краткосрочной памяти (Long short-term memory, LSTM), алгоритм «k ближайших соседей» (k Nearest Neighbor, KNN), обработка естественного языка (Natural Language Processing, NLP), а также обучение с подкреплением (Reinforcement Learning)","Рост на 10-12% средний доход от клиента.
На 38-43% сократился отток активных клиентов.
На 15-20% снизилось кол-во клиентов, обратившихся на линию поддержки
Рост NPS на 8-10%",,https://ai-russia.ru/library/advisor-service,,,,
278,279,,,Financial Services,10.0,2023.0,,,Цифровой виртуальный помощник,"Клиентская поддержка 1-й линии, интеллектуальная маршрутизация, встроенный AI-суфлер для оператора (контекстные подсказки, сценарии решения типовых проблем и справочную информацию).","Комбинация rule-based подхода с наиболее совершенным синтаксисом и machine learning подхода на основе нейросетевых алгоритмов определения семантической близости. Морфология, исправление ошибок и опечаток, справочники именованных сущностей, поддержка эмоциональной разметки (emotional markup)",-,,https://bosfera.ru/sites/default/files/pdf/skvortsov_grishin_ai_271023_final.pdf,,,,
279,280,,,Financial Services,10.0,2023.0,,,Автоматизация процессов управления клиентского опыта,"Машинная обработка базы аудиозаписей разговоров с клиентом в колл-центрах, распознавание, разметка и сквозная аналитика по установленным KPI: распознавание большинства диалогов, первичная разметка, трактовка смысла разговора. ",Текстовая и речевая аналитика,-,,https://bosfera.ru/sites/default/files/pdf/skvortsov_grishin_ai_271023_final.pdf,,,,
280,281,,,Financial Services,10.0,2023.0,,,Привлечение новых клиентов,"Поиск и привлечение лидов в Телеграме по CPA модели. Выявление потребностей клиентов в банковских продуктов на основе 100% анализа сообщений в публичных чатах профильных тематик (автобильная тематика, открытие своего дела и т.п.)",Текстовая аналитика,-,,https://bosfera.ru/sites/default/files/pdf/skvortsov_grishin_ai_271023_final.pdf,,,,
281,282,,,Financial Services,11.0,2023.0,,,"PM вел разговор, одновременно фиксировал вводные, а затем готовил постмит по итогам встречи",Постмиты формируются автоматически на основе связки ML/AI,"Open-source модель для транскрибации голоса, Claude2 для формирования постмита",Трудозатраты специалиста сократились в 4-5 раз,,https://blog.icontextgroup.ru/articles/obzor-konferencii-pro-iskusstvennyj-intellekt,,,,
282,283,,,Financial Services,6.0,2023.0,,,Персональный ассистент для диалогов с клиентами,"Во время разговора персональный ассистент распознает и анализирует речь клиента и оператора в режиме реального времени, извлекает данные из аудиопотока и анализирует эмоциональное состояние собеседников. На основании слов-триггеров ассистент формирует и отображает подсказки оператору для дальнейшей работы с клиентом. Подсказки, предоставленные оператору персональным ассистентом, позволяют проявлять больше эмпатии и избегать негативных сценариев развития диалога, предотвращают эмоциональное выгорание сотрудников Банка",Распознавание речи,-,повысилась эффективность сотрудников контакт-центра и качество проводимых диалогов,https://www.gazprombank.ru/press/7407209/,,,,
283,284,,,Financial Services,12.0,2023.0,,,"Каждый месяц в Альфа-Банке открывается 2000 новых вакансий, на которые претендуют более 100 000 человек. Рекрутерам банка нужно в сжатые сроки отобрать лучших из них — это титанический труд для человека",Подбором кандидатов для массовых вакансий в Альфа-Банке занимается ИИ — «Модель подбора сотрудников»,,"экономия от 1,5 до 5млн руб/месяц",,https://vc.ru/alfabank/987039-kak-iskusstvennyy-intellekt-nahodit-alfa-banku-luchshih-sotrudnikov-po-vsey-strane,,,,
284,285,,,Financial Services,12.0,2022.0,,,Автоматизация обработки запросов клиентов,Чат-бот,NLP,"Точность распознавания запросов превышает 93%
Автоматизация обработки запросов выросла с 38% до 55%",,https://vc.ru/alfabank/581645-kak-v-alfa-banke-sozdali-chat-bot-kotoryy-ponimaet-i-otvechaet-slovno-chelovek,,,,
286,287,,,Financial Services,3.0,2023.0,,,Ускорить процесс открытия банковского счета,Система автоматического распознавания документов,OCR,"Сервис позволяет снимать нагрузку с бухгалтерских и кадровых отделов, что позволяет экономить до 50% времени на работу компании с исполнителями. ",,https://smartengines.ru/news/klienty-blanka-stali-reshat-buhgalterskie-voprosy-s-samozanyatymi-v-2-raza/,,,,
287,288,,,Financial Services,,2021.0,,,"Потребность в автоматизации рутинных процессов:
• снижении операционных расходов и рисков
• повышении гибкости процессов
• поддержании тренда эффективной автоматизации",Диалоговый ассистент Полина на базе платформ ChatNavigator и VoiceKey.Platform,,"450+ млн руб. собранной задолженности
до 10 тыс. звонков в сутки","Расширение сценариев использования ассистента:
• Раннее взыскание, недоплата
• Позднее взыскание
• Подтверждение данных клиентов
• Напоминание клиентам о необходимости предоставления Банку дополнительных данных ",https://www.speechpro.ru/upload/project/pdf/%D0%BA%D0%B5%D0%B9%D1%81_%D0%9A%D0%95%D0%91_%D0%A6%D0%A0%D0%A2_0623.pdf,,,,
288,289,,,Financial Services,,2021.0,,,"Повышение уровня удовлетворенности клиентов
Рост конверсии удаленных продаж
Автоматизация анализа 100% коммуникаций
Повышение дисциплины и утилизации рабочего времени сотрудника
Оптимизация скриптов и процессов
Своевременное определение фродовых схем ",Автоматизация анализа коммуникаций - речевая аналитика SmartLogger,"Технологии обработки и
понимания естественной речи"," +15% прирост производительности контроля качества
+13,3 п.п. рост CSI (Q4’21/Q4’22)
до +48% рост доли согласий по некоторым продуктам
138 млн руб. экономический эффект за 2022 год
4 мес.срок окупаемости",,https://www.speechpro.ru/upload/project/pdf/%D0%BA%D0%B5%D0%B9%D1%81_%D1%86%D1%80%D1%82_%D1%81%D0%B1%D0%B5%D1%80_%D1%86%D0%BA%D1%80.pdf,,,,
290,291,,,Financial Services,,,,,Ускорить процесс обработки заявки на выпуск карты,,OCR,"x3: скорость обработки и проверки документов
10%: выросло количество выданных карт",,https://dbrain.io/cases/banks#rec617581505,,,,
292,293,,,Financial Services,,,,,,Автоматизированные кредитные решения в отношении физлиц и юрлиц,,"100% по физлицам, 70% по юрлицам",,https://tass.ru/ekonomika/20219993,,,,
297,298,,,,4.0,2024.0,,,Повышение эффективности работы инженерно-технических служб,Интеллектуальная система поддержки принятия решений «Цифровой инженер»,,«Цифровой инженер» позволяет сократить сроки и повысить качество технологической подготовки производства на 25-30%,,https://www.atomic-energy.ru/news/2024/04/22/145207,,,,
298,299,,,Retail,11.0,2022.0,,,,Виртуальный помощник,,"CSI вырос до 95%.
По некоторым сценариям Алёна и Вадим закрывают более половины обращений без привлечения сотрудников. В частности, предоставление статуса заказа автоматизировано на 45%, продление срока хранения заказа на 92%, выдача чека – на 80%, изменение получателя заказа – на 70%, вопросы по программе лояльности – на 60%. ",,https://www.retail.ru/rbc/pressreleases/neyroset-m-video-eldorado-obrabatyvaet-bolee-50-obrashcheniy-klientov-v-ramkakh-chyernoy-pyatnitsy-/,,,,
301,302,,,,5.0,2023.0,,,Оптимизация процесса создания моторных масел и снижение времени разработки,Внедрение цифровой системы «Алхимик» для автоматизации создания рецептур масел,Машинное обучение и алгоритмы для анализа и подбора оптимальных комбинаций компонентов,"Сокращение времени разработки новых продуктов с 6 месяцев до 1-2 месяцев, усовершенствование более 200 рецептур",,https://www.zr.ru/content/news/943497-gazprom-neft-povyshaet-ehffek/,,,,
303,304,,,,2.0,2024.0,,,Повышение эффективности и надежности проектирования промысловых трубопроводов,"Цифровой помощник для автоматизации проектирования трубопроводов с антикоррозийной защитой. Модель ИИ, способная прогнозировать интенсивность коррозии металлов",Машинное обучение,-,Система не зависит от внешних источников информации,https://neftegaz.ru/news/tsifrovizatsiya/821152-rosneft-razrabotala-tsifrovogo-pomoshchnika-dlya-proektirovaniya-promyslovykh-truboprovodov/,,,,
304,305,,,,3.0,2023.0,,,Повышение безопасности объектов и предотвращение нештатных ситуаций,Видеоаналитика с использованием нейросетей для мониторинга и анализа производственных процессов,Нейросети и машинное обучение,-,,https://www.tatar-inform.ru/news/naiti-i-obezvredit-tatneft-podklyucila-neiroset-dlya-povyseniya-bezopasnosti-obektov-5898175,,,,
305,306,,,,1.0,2024.0,,,Прогнозирование наличия нефти в резервуарах для улучшения управления запасами и логистикой,"Пилот: по выявлению закономерностей, аномалий и прогноза по наличию нефти в резервуарах и в линейной части на основе анализа изменений первичных данных",Машинное обучение,-,,https://neftegaz.ru/news/Oborudovanie/811334-transneft-realizuet-pilotnyy-proekt-s-iskusstvennym-intellektom-dlya-prognoza-nalichiya-nefti-v-reze/,,,,
306,307,,,,1.0,2023.0,,,В рамках реализации стратегии компании с 2023 года Компания реализует ряд диджитал-решений с элементами искусственного интеллекта,"Пилот: модель «Виртуального расходомера» стороннего разработчика, позволяющей на основе корреляции множества параметров, определять динамику текущего и выявлять критерии максимального дебита скважины",Машинное обучение,-,,https://www.russneft.ru/production/technological_development/,,,,
315,316,,,,7.0,2022.0,,,Повысить эффективность удаления серы из жидкого чугуна в процессе выплавки стали для улучшения её качества и снижения потерь,"Установка инфракрасной камеры для автоматического контроля уровня шлака на поверхности жидкого чугуна, с использованием машинного обучения для точного определения количества шлака","Машинное обучение для анализа изображений, определение уровня шлака по яркости инфракрасных снимков","Сокращение времени обработки на 1 минуту, снижение брака, улучшение коэффициента скачивания на 3,5%, экономия несколько миллионов рублей в год",,https://habr.com/ru/companies/nlmk/articles/674530/,,,,
316,317,,,,11.0,2023.0,,,Оптимизация качества продукции и снижение дефектов на этапе металлургического производства,Использование нейросетей для автоматизации контроля качества заготовок и оценки уровня шлака в ковше,Машинное зрение и нейросети для анализа изображений и точной идентификации дефектов и шлака,"Точность оценки до 99,98%, значительное снижение брака и улучшение качества продукции",,https://habr.com/ru/companies/evraz/articles/774414/,,,,
317,318,,,,5.0,2024.0,,,"Повышение эффективности и стабильности производства алюминия, а также снижение эксплуатационных затрат",,CV,Снижение времени разгерметизации электролизеров вдвое,"Инвестиции в проект составят 1,6 миллиарда рублей, внедрение планируется завершить к 2027 году. Технология ранее доказала свою эффективность в пилотной эксплуатации.",https://rusal.ru/press-center/press-releases/rusal-investiruet-1-6-milliarda-rubley-vo-vnedrenie-iskusstvennogo-intellekta-na-alyuminievykh-zavod/,,,,
318,319,,,,5.0,2023.0,,,Повышение безопасности сотрудников на производстве,Видеоанализ средств защиты,"Машинное зрение, нейросети",-,С декабря 2021 года началась промышленная эксплуатация системы в Норильске. Стоимость проекта – 89 миллионов рублей.,https://nornickel.ru/news-and-media/press-releases-and-news/bystrinskiy-kombinat-nachal-ispolzovat-iskusstvennyy-intellekt-dlya-bezopasnosti-sotrudnikov/,,,,
319,320,,,,4.0,2024.0,,,Увеличение безопасности и эффективности добычи угля,Цифровая система «Цифровой разрез» для мониторинга и управления процессами,Машинное обучение и нейросети для анализа данных и предиктивной аналитики,-,,https://www.irk.ru/news/articles/20240410/digital/,,,,
320,321,,,,4.0,2024.0,,,Повышение эффективности процесса разработки ПО,Пилот: GenAI для программистов,GenAI,"По итогам пилота получили прирост производительности по отдельным видам работ на 53%, и на 34% ускорилось выполнение запросов на изменения.","Команда из 25 разработчиков НЛМК-ИТ в партнерстве с компанией AXENIX пилотировала применение GenAI для ускорения задач разработки программных продуктов в управлении производством, HR-сервисах и портальных решениях.",https://nlmk.com/ru/media-center/press-releases/nlmk-group-pilots-ai-for-faster-software-development/,,,,
321,322,,,,5.0,2024.0,,,Улучшение контроля качества кокса,Система мониторинга,"Машинное зрение, нейросети",Устраняются причины газации в три раза быстрее,,https://www.metalinfo.ru/ru/news/160706,,,,
322,323,,,,5.0,2024.0,,,Освобождение сотрудников от рутинных операций,"Делегирование ИИ >300 бизнес-задач: закупка лома, обработка писем, проверка статусов вагонов в базах РЖД","NLP, ML, RPA",Экономия 660 млн руб (не указан период),,https://ura.news/news/1052770713,,,,
323,324,,,,5.0,2024.0,,,Оптимизация производственных процессов,Cистема предупреждения простоев,,-,"Новая система предупреждения простоев и прогнозирования критических состояний позволит отслеживать техническое состояние оборудования, заблаговременно планировать и корректировать график обслуживания и ремонтов, чтобы обеспечить бесперебойную работу агрегатов",https://stz.tmk-group.ru/stz_news/4781,,,,
324,325,,,,3.0,2024.0,,,"Исключение ошибок, сязанных с человеческим фактором","Система, определяющая размеры кусков руды на конвейере",Компьютерное зрение,-,,https://up-pro.ru/library/information_systems/automation_production/iskusstvennyj-intellekt-pomogaet-isklyuchit-oshibki/,,,,
328,329,,,,5.0,2024.0,,,,"Внедрение ПО ""Мобильный голосовой обходчик"" для обеспечения техобслуживания и оценки состояния ж/д объектов",Распознавание речи,Сокращение времени осмотра состава на 36 минут,"Объекты внедрения: Азотный комплекс АО ""Апатит"" - пилот",https://www.youtube.com/watch?v=QNURKvLRXXw&list=PLFgE-6LJJqBtKgt4i2SjFkBzB6UQjrdO2&index=13,,,,
329,330,,,,7.0,2023.0,,,Модернизация программного комплекса КЦ,Чат-бот и голосовй помощник,,"Автоматизация обработки входящих обращений помогла компании ускорить обслуживание, остановить рост операторского штата и снизить операционные издержки: благодаря внедрению ботов только в рамках сбора показаний счетчиков Мосэнергосбыт ежегодно экономит до 31 млн рублей, поскольку привлекает к задаче на 63 специалиста контактного центра меньше.",,https://www.tadviser.ru/index.php/%D0%9F%D1%80%D0%BE%D0%B5%D0%BA%D1%82:%D0%9C%D0%BE%D1%81%D1%8D%D0%BD%D0%B5%D1%80%D0%B3%D0%BE%D1%81%D0%B1%D1%8B%D1%82_%28Naumen_Erudite%29,,,,
330,331,,,,10.0,2023.0,,,Улучшение клиентского опыта,Робот-голосовой ассистент,"Технологии синтеза, распознавания речи",Автоматизация более 40% звонков,,https://ai.gov.ru/mediacenter/mosenergosbyt-uluchshaet-klientskiy-opyt-s-pomoshchyu-rechevykh-tekhnologiy/,,,,
331,332,,,,10.0,2023.0,,,Минимизировать риски поломок и остановов оборудования,Система предиктивной аналитики,,"удалось предотвратить три инцидента на ТЭЦ «Академическая», которые могли бы суммарно вывести станцию из строя на 24 часа. В результате компания не поставила бы в сеть 5,5 млн кВт*ч электричества и не отпустила потребителям 3360 Гкал тепла",,https://www.cnews.ru/news/line/2023-10-24_t_plyus_nachala_ispolzovat,,,,
332,333,,,,3.0,2024.0,,,Повышение эффективности сотрудников,"Пилот: Цифровой помощник сотрудника, обученный на корпоративных документах",GenAI,90% обращений были успешно обработаны автоматизированной системой,,https://autofaq.ai/blog/itogi-pilota-xplain-nes,,,,
335,336,,,Retail,,2022.0,,,"- The forecasting system for capacity planning was focused on the short-term and unable to leverage real-time data for demand planning
- The client wanted to build a forecasting system for both the short-term and long-term, and adjustments done per real-time demand information
","- Cognizant helped the client by predicting the number of lines, shift structure and real estate requirements to meet forecasted demand
- Cognizant optimized the total system cost while increasing profitability and customer fill rates, and we estimated the investment and capacity required to meet future long-term demand
",,"€ 11.8 million in annual cost savings
9% increase in profitability
86% accuracy in demand prediction",,https://www.cognizant.com/nl/en/field-marketing/documents/documents/creating-superior-customer-experiences-by-leveraging-ai-and-data.pdf,,,,
341,342,,,Retail,,2023.0,,,"Many factories use manual safety systems that rely on a human-centric and reactive approach. These systems are costly to operate, slow to detect violations and problems, and human error is a constant concern. Unfortunately, safety violations frequently slip through the cracks","The intelligent video solution for factory production safety that was deployed is built on 11th Generation Intel® Core™ Processor-based Industrial PCs, Intel® Xeon® Scalable Processor-based edge servers, OpenVINO™ toolkit, and deep learning reference algorithms.",CV,"Reduced manual workloads by 80%
Trimmed total costs related to Health, Safety, and Environment (HSE) compliance task workload by 60%
Boosted the safety violation detection rate from less than 20% to 90%, a 4-5x time improvement
Reduced safety violations by 35%
The system completely changed employee safety behavior towards using personal protective equipment (hard hats, safety vests, safety harnesses) and pedestrian pathways.
",,https://www.intel.com/content/www/us/en/customer-spotlight/stories/aotu-customer-story.html,,,,
346,347,,,,,,,,"- Помогать пользователям сервиса найти нужную информацию о билетах и расписании
- Повысить KPI операторов за счет снятия с них шаблонных коммуникаций
- Ускорить обработку запросов в моменты пиковых нагрузок на сервис (сезонность, моменты открытия границ)",Чат-бот,,"80-90% запросов в топике обрабатывает бот
На 10% снизилась нагрузка на операторов благодаря автоматизации сценария поиска билетов",,https://just-ai.com/success-stories/tutu,,,,
347,348,,,,4.0,2024.0,,,"Выявление на ранних стадиях злокачественных опухолей поджелудочной железы и желудка, а также колоректальный рак","Разработанная китайскими учеными технология основана на системе машинного обучения, которая анализирует в крови содержание метаболитов. Дело в том, что при онкологических заболеваниях в организме меняется метаболизм (обмен веществ). Причем определенные метаболиты при заболевании онкологией появляются сразу, даже когда у человека еще нет каких-либо симптомов. Эти маркеры и могут сообщать о болезни на самой ранней стадии.",машинное обучение,Эффективность теста оказалась в пределах 82-100%,,https://rg.ru/2024/04/25/kitajskie-uchenye-nauchili-iskusstvennyj-intellekt-vyiavliat-nekotorye-vidy-raka.html,,,,
351,352,,,E-commerce,8.0,2024.0,,,"В компании провели исследование и выяснили, какой информации чаще всего не хватает покупателям, чтобы принять решение о покупке в той или иной категории. И пришли к выводу, что если эту информацию будет генерировать нейронная сеть, это облегчит работу продавцов и улучшит клиентский опыт.",Обучить собственную базовую языковую модель с акцентом на специфику контентной платформы,Своя LLM на базе Mistral7b,"60% пользователей отметили, что им понравилось сгенерированное описание.
На 1,7% выросло количество заказов с доставкой по сравнению с контрольной группой. То есть покупатели лучше понимали описания, где помогала нейросеть, и чаще совершали заказы таких товаров.",,https://generation-ai.ru/cases,,,,
